run,Accuracy,Precision,Recall,F1,F2,F0.5,Average Precision
1,0.9534534534534534,0.8636363636363636,0.40425531914893614,0.5507246376811594,0.4523809523809524,0.7037037037037038,0.3911716358524869
2,0.963963963963964,0.9259259259259259,0.5319148936170213,0.6756756756756757,0.5813953488372092,0.8064516129032258,0.5255468234191638
