run,Accuracy,Precision,Recall,F1,F2,F0.5,Average Precision
1,0.972972972972973,0.9142857142857143,0.6808510638297872,0.7804878048780487,0.7174887892376681,0.8556149732620321,0.6450149237383279
2,0.96996996996997,0.9354838709677419,0.6170212765957447,0.7435897435897436,0.6621004566210046,0.8479532163742689,0.6042404793262721
