run,Accuracy,Precision,Recall,F1,F2,F0.5,Average Precision
1,0.96996996996997,0.8292682926829268,0.723404255319149,0.7727272727272727,0.7423580786026202,0.8056872037914692,0.6194157312475942
2,0.954954954954955,0.6888888888888889,0.6595744680851063,0.6739130434782609,0.6652360515021459,0.6828193832599119,0.47839754648265287
