run,Accuracy,Precision,Recall,F1,F2,F0.5,Average Precision
1,0.9579579579579579,0.7317073170731707,0.6382978723404256,0.6818181818181819,0.6550218340611355,0.7109004739336493,0.49257274918925154
2,0.9624624624624625,0.8666666666666667,0.5531914893617021,0.6753246753246753,0.5963302752293579,0.7784431137724552,0.5109641556450067
