run,Accuracy,Precision,Recall,F1,F2,F0.5,Average Precision
1,0.8663663663663663,0.3384615384615385,0.9361702127659575,0.4971751412429379,0.6918238993710693,0.38800705467372143,0.3213621149791363
2,0.8978978978978979,0.40540540540540543,0.9574468085106383,0.569620253164557,0.7525083612040134,0.45824847250509165,0.3911571145613699
