run,Accuracy,Precision,Recall,F1,F2,F0.5,Average Precision
1,0.8693693693693694,0.3412698412698413,0.9148936170212766,0.49710982658959535,0.6847133757961784,0.3901996370235935,0.318231605465648
2,0.9069069069069069,0.42424242424242425,0.8936170212765957,0.5753424657534246,0.7317073170731707,0.47404063205417607,0.38661775895818445
