run,Accuracy,Precision,Recall,F1,F2,F0.5,Average Precision
1,0.972972972972973,0.7843137254901961,0.851063829787234,0.8163265306122448,0.8368200836820084,0.796812749003984,0.6780115534808902
2,0.9669669669669669,0.7450980392156863,0.8085106382978723,0.7755102040816325,0.7949790794979079,0.756972111553785,0.615933204794281
