run,Accuracy,Precision,Recall,F1,F2,F0.5,Average Precision
1,0.96996996996997,0.7755102040816326,0.8085106382978723,0.7916666666666665,0.80168776371308,0.7818930041152262,0.6405217636220675
2,0.954954954954955,0.660377358490566,0.7446808510638298,0.7,0.7261410788381742,0.6756756756756757,0.5097883913620566
