run,Accuracy,Precision,Recall,F1,F2,F0.5,Average Precision
1,0.9819819819819819,0.926829268292683,0.8085106382978723,0.8636363636363636,0.8296943231441049,0.9004739336492891,0.7628648368139805
2,0.9744744744744744,0.8571428571428571,0.7659574468085106,0.8089887640449439,0.7826086956521738,0.8372093023255813,0.6730514709238113
