run,Accuracy,Precision,Recall,F1,F2,F0.5,Average Precision
1,0.9744744744744744,0.8947368421052632,0.723404255319149,0.8,0.752212389380531,0.8542713567839195,0.6667759584892844
2,0.9774774774774775,0.8636363636363636,0.8085106382978723,0.8351648351648351,0.8189655172413794,0.852017937219731,0.7117727011344032
