run,Accuracy,Precision,Recall,F1,F2,F0.5,Average Precision
1,0.963963963963964,0.7090909090909091,0.8297872340425532,0.764705882352941,0.802469135802469,0.7303370786516854,0.6004065961512769
2,0.9774774774774775,0.82,0.8723404255319149,0.8453608247422681,0.8613445378151261,0.8299595141700403,0.7243281579451792
