run,Accuracy,Precision,Recall,F1,F2,F0.5,Average Precision
1,0.978978978978979,0.8235294117647058,0.8936170212765957,0.8571428571428571,0.8786610878661087,0.8366533864541832,0.743427407382351
2,0.9684684684684685,0.825,0.7021276595744681,0.7586206896551724,0.7236842105263159,0.7971014492753623,0.6002763401699571
