run,Accuracy,Precision,Recall,F1,F2,F0.5,Average Precision
1,0.9369369369369369,0.5294117647058824,0.9574468085106383,0.6818181818181819,0.8241758241758241,0.5813953488372092,0.5098866075086351
2,0.9084084084084084,0.42857142857142855,0.8936170212765957,0.5793103448275861,0.7342657342657343,0.47835990888382685,0.39048623091176277
