run,Accuracy,Precision,Recall,F1,F2,F0.5,Average Precision
1,0.9174174174174174,0.4574468085106383,0.9148936170212766,0.6099290780141844,0.7624113475177304,0.508274231678487,0.4245211712391431
2,0.8993993993993994,0.4074074074074074,0.9361702127659575,0.567741935483871,0.7432432432432432,0.45929018789144044,0.3859071837795242
