run,Accuracy,Precision,Recall,F1,F2,F0.5,Average Precision
1,0.9744744744744744,0.7678571428571429,0.9148936170212766,0.8349514563106796,0.8811475409836066,0.7933579335793358,0.7085136047902005
2,0.9654654654654654,0.7608695652173914,0.7446808510638298,0.7526881720430109,0.7478632478632479,0.7575757575757577,0.5846230133926712
