run,Accuracy,Precision,Recall,F1,F2,F0.5,Average Precision
1,0.9654654654654654,0.7222222222222222,0.8297872340425532,0.7722772277227723,0.8057851239669421,0.7414448669201521,0.6113027921538559
2,0.96996996996997,0.7368421052631579,0.8936170212765957,0.8076923076923077,0.8571428571428571,0.7636363636363637,0.6659621547639464
