run,Accuracy,Precision,Recall,F1,F2,F0.5,Average Precision
1,0.9684684684684685,0.7407407407407407,0.851063829787234,0.7920792079207921,0.8264462809917356,0.7604562737642584,0.640928162204758
2,0.9654654654654654,0.7727272727272727,0.723404255319149,0.7472527472527473,0.7327586206896552,0.7623318385650224,0.5785137168115891
