run,Accuracy,Precision,Recall,F1,F2,F0.5,Average Precision
1,0.9744744744744744,0.8571428571428571,0.7659574468085106,0.8089887640449439,0.7826086956521738,0.8372093023255813,0.6730514709238113
2,0.9804804804804805,0.9047619047619048,0.8085106382978723,0.853932584269663,0.8260869565217391,0.8837209302325582,0.7450231386401599
