run,Accuracy,Precision,Recall,F1,F2,F0.5,Average Precision
1,0.9834834834834835,0.9285714285714286,0.8297872340425532,0.8764044943820225,0.8478260869565218,0.9069767441860466,0.7825287293372399
2,0.9744744744744744,0.96875,0.6595744680851063,0.7848101265822784,0.7045454545454546,0.8857142857142858,0.6629867899814708
