run,Accuracy,Precision,Recall,F1,F2,F0.5,Average Precision
1,0.9819819819819819,0.8888888888888888,0.851063829787234,0.8695652173913044,0.8583690987124464,0.881057268722467,0.7670116925436075
2,0.96996996996997,0.813953488372093,0.7446808510638298,0.7777777777777778,0.7575757575757577,0.7990867579908676,0.6241535944653214
