run,Accuracy,Precision,Recall,F1,F2,F0.5,Average Precision
1,0.975975975975976,0.8444444444444444,0.8085106382978723,0.8260869565217391,0.8154506437768241,0.8370044052863437,0.6962558302983834
2,0.9684684684684685,0.7954545454545454,0.7446808510638298,0.7692307692307692,0.7543103448275862,0.7847533632286996,0.6103777859097008
