run,Accuracy,Precision,Recall,F1,F2,F0.5,Average Precision
1,0.975975975975976,0.8297872340425532,0.8297872340425532,0.8297872340425532,0.8297872340425532,0.8297872340425532,0.7005588657920029
2,0.975975975975976,0.7924528301886793,0.8936170212765957,0.8400000000000001,0.8713692946058093,0.8108108108108109,0.715656845122923
