run,Accuracy,Precision,Recall,F1,F2,F0.5,Average Precision
1,0.972972972972973,0.8717948717948718,0.723404255319149,0.7906976744186047,0.7488986784140971,0.8374384236453204,0.6501796395413416
2,0.9744744744744744,0.7884615384615384,0.8723404255319149,0.8282828282828283,0.8541666666666667,0.803921568627451,0.6968158829860958
