run,Accuracy,Precision,Recall,F1,F2,F0.5,Average Precision
1,0.9114114114114115,0.4387755102040816,0.9148936170212766,0.593103448275862,0.7517482517482517,0.48974943052391795,0.40743891959697426
2,0.9324324324324325,0.5116279069767442,0.9361702127659575,0.6616541353383458,0.8029197080291971,0.5626598465473146,0.4834753110359246
