run,Accuracy,Precision,Recall,F1,F2,F0.5,Average Precision
1,0.9039039039039038,0.41904761904761906,0.9361702127659575,0.5789473684210525,0.7508532423208191,0.47109207708779444,0.3968044031873819
2,0.8933933933933934,0.39090909090909093,0.9148936170212766,0.5477707006369427,0.7214765100671141,0.4414784394250513,0.36364623811432323
