run,Accuracy,Precision,Recall,F1,F2,F0.5,Average Precision
1,0.9219219219219219,0.47368421052631576,0.9574468085106383,0.6338028169014084,0.795053003533569,0.5269320843091335,0.45653043861330533
2,0.9144144144144144,0.4479166666666667,0.9148936170212766,0.6013986013986015,0.7570422535211268,0.4988399071925755,0.41580210529678613
