run,Accuracy,Precision,Recall,F1,F2,F0.5,Average Precision
1,0.96996996996997,0.8292682926829268,0.723404255319149,0.7727272727272727,0.7423580786026202,0.8056872037914692,0.6194157312475942
2,0.9714714714714715,0.868421052631579,0.7021276595744681,0.7764705882352942,0.7300884955752213,0.8291457286432161,0.6307634622304276
