run,Accuracy,Precision,Recall,F1,F2,F0.5,Average Precision
1,0.960960960960961,0.7692307692307693,0.6382978723404256,0.6976744186046512,0.6607929515418502,0.7389162561576356,0.5165238888643144
2,0.9624624624624625,0.7619047619047619,0.6808510638297872,0.7191011235955055,0.6956521739130433,0.7441860465116278,0.5412661902023603
