run,Accuracy,Precision,Recall,F1,F2,F0.5,Average Precision
1,0.948948948948949,0.6511627906976745,0.5957446808510638,0.6222222222222222,0.6060606060606061,0.6392694063926941,0.4164552974548027
2,0.9594594594594594,0.7083333333333334,0.723404255319149,0.7157894736842105,0.7203389830508475,0.7112970711297072,0.53193086703725
