run,Accuracy,Precision,Recall,F1,F2,F0.5,Average Precision
1,0.9624624624624625,0.9583333333333334,0.48936170212765956,0.6478873239436619,0.5424528301886793,0.8041958041958043,0.5050076672417098
2,0.960960960960961,0.8888888888888888,0.5106382978723404,0.6486486486486487,0.5581395348837209,0.7741935483870968,0.4884352437543926
