run,Accuracy,Precision,Recall,F1,F2,F0.5,Average Precision
1,0.963963963963964,0.96,0.5106382978723404,0.6666666666666666,0.5633802816901408,0.8163265306122448,0.5247473004919813
2,0.960960960960961,0.92,0.48936170212765956,0.6388888888888888,0.5399061032863851,0.7823129251700681,0.48624880199348286
