run,Accuracy,Precision,Recall,F1,F2,F0.5,Average Precision
1,0.9594594594594594,0.9166666666666666,0.46808510638297873,0.619718309859155,0.5188679245283019,0.7692307692307692,0.4666155517219347
2,0.9684684684684685,0.9333333333333333,0.5957446808510638,0.7272727272727273,0.6422018348623854,0.8383233532934131,0.5845568973228548
