run,Accuracy,Precision,Recall,F1,F2,F0.5,Average Precision
1,0.960960960960961,0.8387096774193549,0.5531914893617021,0.6666666666666666,0.593607305936073,0.7602339181286548,0.4954985871252172
2,0.9579579579579579,0.7878787878787878,0.5531914893617021,0.65,0.5882352941176471,0.7262569832402236,0.4673793716346908
