run,Accuracy,Precision,Recall,F1,F2,F0.5,Average Precision
1,0.9714714714714715,0.868421052631579,0.7021276595744681,0.7764705882352942,0.7300884955752213,0.8291457286432161,0.6307634622304276
2,0.9594594594594594,0.8846153846153846,0.48936170212765956,0.6301369863013698,0.5373831775700935,0.7615894039735099,0.4689329263797349
