run,Accuracy,Precision,Recall,F1,F2,F0.5,Average Precision
1,0.9624624624624625,0.8928571428571429,0.5319148936170213,0.6666666666666667,0.5787037037037036,0.7861635220125786,0.5079570451910878
2,0.9624624624624625,0.8055555555555556,0.6170212765957447,0.6987951807228916,0.6473214285714286,0.7591623036649214,0.5240719442847103
