run,Accuracy,Precision,Recall,F1,F2,F0.5,Average Precision
1,0.8948948948948949,0.3963963963963964,0.9361702127659575,0.5569620253164558,0.7357859531772576,0.44806517311608957,0.37559900325857776
2,0.8798798798798799,0.36363636363636365,0.9361702127659575,0.5238095238095237,0.7119741100323626,0.4143126177024483,0.3449300364193981
