run,Accuracy,Precision,Recall,F1,F2,F0.5,Average Precision
1,0.8618618618618619,0.32,0.851063829787234,0.4651162790697675,0.6389776357827477,0.36563071297989036,0.2828509360424254
2,0.8603603603603603,0.31746031746031744,0.851063829787234,0.4624277456647398,0.6369426751592357,0.3629764065335753,0.28068950409375937
