run,Accuracy,Precision,Recall,F1,F2,F0.5,Average Precision
1,0.8933933933933934,0.39473684210526316,0.9574468085106383,0.5590062111801242,0.7450331125827815,0.44731610337972166,0.38094253267825495
2,0.9084084084084084,0.4339622641509434,0.9787234042553191,0.6013071895424836,0.7823129251700681,0.48832271762208074,0.4262305259896589
