run,Accuracy,Precision,Recall,F1,F2,F0.5,Average Precision
1,0.963963963963964,0.7254901960784313,0.7872340425531915,0.7551020408163265,0.7740585774058578,0.7370517928286853,0.586145594906546
2,0.9669669669669669,0.7551020408163265,0.7872340425531915,0.7708333333333333,0.7805907172995781,0.7613168724279834,0.6094570471470168
