run,Accuracy,Precision,Recall,F1,F2,F0.5,Average Precision
1,0.9684684684684685,0.7321428571428571,0.8723404255319149,0.7961165048543688,0.8401639344262296,0.7564575645756458,0.6476868205591609
2,0.960960960960961,0.6779661016949152,0.851063829787234,0.7547169811320754,0.8097165991902834,0.7067137809187279,0.5875029374849065
