run,Accuracy,Precision,Recall,F1,F2,F0.5,Average Precision
1,0.9669669669669669,0.7049180327868853,0.9148936170212766,0.7962962962962963,0.8634538152610441,0.738831615120275,0.6509310147259223
2,0.9744744744744744,0.75,0.9574468085106383,0.8411214953271028,0.907258064516129,0.78397212543554,0.7210881093859818
