run,Accuracy,Precision,Recall,F1,F2,F0.5,Average Precision
1,0.975975975975976,0.8444444444444444,0.8085106382978723,0.8260869565217391,0.8154506437768241,0.8370044052863437,0.6962558302983834
2,0.978978978978979,0.9024390243902439,0.7872340425531915,0.8409090909090909,0.8078602620087337,0.8767772511848341,0.725445736343505
