run,Accuracy,Precision,Recall,F1,F2,F0.5,Average Precision
1,0.978978978978979,0.9024390243902439,0.7872340425531915,0.8409090909090909,0.8078602620087337,0.8767772511848341,0.725445736343505
2,0.9834834834834835,0.9285714285714286,0.8297872340425532,0.8764044943820225,0.8478260869565218,0.9069767441860466,0.7825287293372399
