run,Accuracy,Precision,Recall,F1,F2,F0.5,Average Precision
1,0.9834834834834835,0.9285714285714286,0.8297872340425532,0.8764044943820225,0.8478260869565218,0.9069767441860466,0.7825287293372399
2,0.987987987987988,0.975609756097561,0.851063829787234,0.9090909090909092,0.8733624454148471,0.947867298578199,0.8408166859126901
