run,Accuracy,Precision,Recall,F1,F2,F0.5,Average Precision
1,0.9804804804804805,0.84,0.8936170212765957,0.8659793814432989,0.8823529411764706,0.8502024291497976,0.7581458053798479
2,0.9774774774774775,0.8478260869565217,0.8297872340425532,0.8387096774193549,0.8333333333333333,0.8441558441558441,0.7155272756567853
