run,Accuracy,Precision,Recall,F1,F2,F0.5,Average Precision
1,0.9744744744744744,0.8125,0.8297872340425532,0.8210526315789474,0.826271186440678,0.8158995815899582,0.6862141396715864
2,0.9744744744744744,0.8571428571428571,0.7659574468085106,0.8089887640449439,0.7826086956521738,0.8372093023255813,0.6730514709238113
