run,Accuracy,Precision,Recall,F1,F2,F0.5,Average Precision
1,0.9744744744744744,0.7678571428571429,0.9148936170212766,0.8349514563106796,0.8811475409836066,0.7933579335793358,0.7085136047902005
2,0.9864864864864865,0.9318181818181818,0.8723404255319149,0.9010989010989012,0.8836206896551726,0.9192825112107624,0.821871678254657
