run,Accuracy,Precision,Recall,F1,F2,F0.5,Average Precision
1,0.9414414414414415,0.5512820512820513,0.9148936170212766,0.688,0.8082706766917294,0.5988857938718664,0.5103704359023508
2,0.9264264264264265,0.4891304347826087,0.9574468085106383,0.6474820143884892,0.8035714285714286,0.5421686746987951,0.47131937673103264
