run,Accuracy,Precision,Recall,F1,F2,F0.5,Average Precision
1,0.9174174174174174,0.45918367346938777,0.9574468085106383,0.6206896551724138,0.7867132867132868,0.5125284738041003,0.4426469456864594
2,0.9294294294294294,0.5,0.851063829787234,0.6299212598425198,0.746268656716418,0.544959128065395,0.4360424254041275
