run,Accuracy,Precision,Recall,F1,F2,F0.5,Average Precision
1,0.9294294294294294,0.5,0.9148936170212766,0.6466165413533835,0.7846715328467153,0.5498721227621484,0.4634528145166443
2,0.8978978978978979,0.40186915887850466,0.9148936170212766,0.5584415584415584,0.728813559322034,0.45263157894736844,0.3736735343416592
