run,Accuracy,Precision,Recall,F1,F2,F0.5,Average Precision
1,0.963963963963964,0.6949152542372882,0.8723404255319149,0.7735849056603775,0.8299595141700405,0.7243816254416962,0.6152116775989839
2,0.9519519519519519,0.6190476190476191,0.8297872340425532,0.7090909090909091,0.7768924302788845,0.6521739130434783,0.525689823562164
