run,Accuracy,Precision,Recall,F1,F2,F0.5,Average Precision
1,0.9684684684684685,0.7708333333333334,0.7872340425531915,0.7789473684210526,0.7838983050847459,0.7740585774058578,0.6218412561497668
2,0.9654654654654654,0.7222222222222222,0.8297872340425532,0.7722772277227723,0.8057851239669421,0.7414448669201521,0.6113027921538559
