run,Accuracy,Precision,Recall,F1,F2,F0.5,Average Precision
1,0.9744744744744744,0.875,0.7446808510638298,0.8045977011494252,0.7675438596491228,0.8454106280193237,0.6696137626988691
2,0.975975975975976,0.8780487804878049,0.7659574468085106,0.8181818181818182,0.7860262008733625,0.8530805687203793,0.689064518592282
