run,Accuracy,Precision,Recall,F1,F2,F0.5,Average Precision
1,0.9774774774774775,0.8809523809523809,0.7872340425531915,0.8314606741573034,0.8043478260869567,0.8604651162790699,0.708530719169017
2,0.978978978978979,0.8837209302325582,0.8085106382978723,0.8444444444444444,0.8225108225108224,0.8675799086757989,0.7280112868930285
