run,Accuracy,Precision,Recall,F1,F2,F0.5,Average Precision
1,0.972972972972973,0.7735849056603774,0.8723404255319149,0.8200000000000001,0.8506224066390041,0.7915057915057916,0.6838383947978489
2,0.984984984984985,0.8936170212765957,0.8936170212765957,0.8936170212765957,0.8936170212765957,0.8936170212765957,0.8060588882227632
