run,Accuracy,Precision,Recall,F1,F2,F0.5,Average Precision
1,0.96996996996997,0.7872340425531915,0.7872340425531915,0.7872340425531915,0.7872340425531915,0.7872340425531915,0.6347524527696552
2,0.9774774774774775,0.8333333333333334,0.851063829787234,0.8421052631578947,0.8474576271186441,0.8368200836820084,0.7197303686665389
