run,Accuracy,Precision,Recall,F1,F2,F0.5,Average Precision
1,0.9219219219219219,0.47368421052631576,0.9574468085106383,0.6338028169014084,0.795053003533569,0.5269320843091335,0.45653043861330533
2,0.933933933933934,0.5172413793103449,0.9574468085106383,0.6716417910447762,0.8181818181818181,0.569620253164557,0.4982341108533332
