run,Accuracy,Precision,Recall,F1,F2,F0.5,Average Precision
1,0.9144144144144144,0.4479166666666667,0.9148936170212766,0.6013986013986015,0.7570422535211268,0.4988399071925755,0.41580210529678613
2,0.9069069069069069,0.42857142857142855,0.9574468085106383,0.5921052631578947,0.7679180887372015,0.48179871520342615,0.41333734950756224
